year,passenger_vehicles_10k_units,source
1990,162.19,"NBS China Statistical Yearbook 2011, Table 16-24"
1991,185.24,"NBS China Statistical Yearbook 2011, Table 16-24"
1992,226.16,"NBS China Statistical Yearbook 2011, Table 16-24"
1993,285.98,"NBS China Statistical Yearbook 2011, Table 16-24"
1994,349.74,"NBS China Statistical Yearbook 2011, Table 16-24"
1995,417.9,"NBS China Statistical Yearbook 2011, Table 16-24"
1996,488.02,"NBS China Statistical Yearbook 2011, Table 16-24"
1997,580.56,"NBS China Statistical Yearbook 2011, Table 16-24"
1998,654.83,"NBS China Statistical Yearbook 2011, Table 16-24"
1999,740.23,"NBS China Statistical Yearbook 2011, Table 16-24"
2000,853.73,"NBS China Statistical Yearbook 2011, Table 16-24"
2001,993.96,"NBS China Statistical Yearbook 2011, Table 16-24"
2002,1202.37,"NBS China Statistical Yearbook 2011, Table 16-24"
2003,1478.81,"NBS China Statistical Yearbook 2011, Table 16-24"
2004,1735.91,"NBS China Statistical Yearbook 2011, Table 16-24"
2005,2132.46,"NBS China Statistical Yearbook 2011, Table 16-24"
2006,2619.57,"NBS China Statistical Yearbook 2011, Table 16-24"
2007,3195.99,"NBS China Statistical Yearbook 2011, Table 16-24"
2008,3838.92,"NBS China Statistical Yearbook 2011, Table 16-24"
2009,4845.09,"NBS China Statistical Yearbook 2011, Table 16-24"
2010,6124.13,"NBS China Statistical Yearbook 2011, Table 16-24"
2011,7478.37,"NBS China Statistical Yearbook 2012, Table 16-24"
2015,14095.88,NBS data portal via DBnomics NBS/A_A0G0I/A0G0I02
2016,16278.24,NBS data portal via DBnomics NBS/A_A0G0I/A0G0I02
2017,18469.54,NBS data portal via DBnomics NBS/A_A0G0I/A0G0I02
2018,20555.4,NBS data portal via DBnomics NBS/A_A0G0I/A0G0I02
2019,22474.27,NBS data portal via DBnomics NBS/A_A0G0I/A0G0I02
2020,24166.18,NBS data portal via DBnomics NBS/A_A0G0I/A0G0I02
2021,26015.84,NBS data portal via DBnomics NBS/A_A0G0I/A0G0I02
2022,27715.55,NBS data portal via DBnomics NBS/A_A0G0I/A0G0I02
2023,29395.59,NBS data portal via DBnomics NBS/A_A0G0I/A0G0I02
2024,31013.91,DBnomics NBS/A_A0G0I/A0G0I02 (inferred from series max in Mar-2026 retrieval; verify)
