year,population_10k,source
1990,114333,"NBS China Statistical Yearbook, Table 2-1 (revised series; not independently re-verified - check)"
1991,115823,"NBS China Statistical Yearbook, Table 2-1 (revised series; not independently re-verified - check)"
1992,117171,"NBS China Statistical Yearbook, Table 2-1 (revised series; not independently re-verified - check)"
1993,118517,"NBS China Statistical Yearbook, Table 2-1 (revised series; not independently re-verified - check)"
1994,119850,"NBS China Statistical Yearbook, Table 2-1 (revised series; not independently re-verified - check)"
1995,121121,"NBS China Statistical Yearbook, Table 2-1 (revised series; not independently re-verified - check)"
1996,122389,"NBS China Statistical Yearbook, Table 2-1 (revised series; not independently re-verified - check)"
1997,123626,"NBS China Statistical Yearbook, Table 2-1 (revised series; not independently re-verified - check)"
1998,124761,"NBS China Statistical Yearbook, Table 2-1 (revised series; not independently re-verified - check)"
1999,125786,"NBS China Statistical Yearbook, Table 2-1 (revised series; not independently re-verified - check)"
2000,126743,"NBS China Statistical Yearbook, Table 2-1 (revised series; not independently re-verified - check)"
2001,127627,"NBS China Statistical Yearbook, Table 2-1 (revised series; not independently re-verified - check)"
2002,128453,"NBS China Statistical Yearbook, Table 2-1 (revised series; not independently re-verified - check)"
2003,129227,"NBS China Statistical Yearbook, Table 2-1 (revised series; not independently re-verified - check)"
2004,129988,"NBS China Statistical Yearbook, Table 2-1 (revised series; not independently re-verified - check)"
2005,130756,"NBS China Statistical Yearbook, Table 2-1 (revised series; not independently re-verified - check)"
2006,131448,"NBS China Statistical Yearbook, Table 2-1 (revised series; not independently re-verified - check)"
2007,132129,"NBS China Statistical Yearbook, Table 2-1 (revised series; not independently re-verified - check)"
2008,132802,"NBS China Statistical Yearbook, Table 2-1 (revised series; not independently re-verified - check)"
2009,133450,"NBS China Statistical Yearbook, Table 2-1 (revised series; not independently re-verified - check)"
2010,134091,"NBS China Statistical Yearbook, Table 2-1 (revised series; not independently re-verified - check)"
2011,134916,"NBS China Statistical Yearbook, Table 2-1 (revised series; not independently re-verified - check)"
2012,135922,"NBS China Statistical Yearbook, Table 2-1 (revised series; not independently re-verified - check)"
2013,136726,"NBS China Statistical Yearbook, Table 2-1 (revised series; not independently re-verified - check)"
2014,137646,"NBS China Statistical Yearbook, Table 2-1 (revised series; not independently re-verified - check)"
2015,138326,NBS data portal via DBnomics series NBS/A_A0301/A030101
2016,139232,NBS data portal via DBnomics series NBS/A_A0301/A030101
2017,140011,NBS data portal via DBnomics series NBS/A_A0301/A030101
2018,140541,NBS data portal via DBnomics series NBS/A_A0301/A030101
2019,141008,NBS data portal via DBnomics series NBS/A_A0301/A030101
2020,141212,NBS data portal via DBnomics series NBS/A_A0301/A030101
2021,141260,NBS data portal via DBnomics series NBS/A_A0301/A030101
2022,141175,NBS data portal via DBnomics series NBS/A_A0301/A030101
2023,140967,NBS data portal via DBnomics series NBS/A_A0301/A030101
2024,140828,NBS data portal via DBnomics series NBS/A_A0301/A030101
