year,light_duty_vehicles,source
1970,103454148,BTS NTS 2011 Table 1-11: passenger cars + other 2-axle 4-tire vehicles (old FHWA categories)
1975,127124184,BTS NTS 2011 Table 1-11: passenger cars + other 2-axle 4-tire vehicles (old FHWA categories)
1980,149476777,BTS NTS 2011 Table 1-11: passenger cars + other 2-axle 4-tire vehicles (old FHWA categories)
1985,165099056,BTS NTS 2011 Table 1-11: passenger cars + other 2-axle 4-tire vehicles (old FHWA categories)
1990,181975051,BTS NTS 2011 Table 1-11: passenger cars + other 2-axle 4-tire vehicles (old FHWA categories)
1991,181333044,BTS NTS 2011 Table 1-11: passenger cars + other 2-axle 4-tire vehicles (old FHWA categories)
1992,183672291,BTS NTS 2011 Table 1-11: passenger cars + other 2-axle 4-tire vehicles (old FHWA categories)
1993,187320895,BTS NTS 2011 Table 1-11: passenger cars + other 2-axle 4-tire vehicles (old FHWA categories)
1994,190787058,BTS NTS 2011 Table 1-11: passenger cars + other 2-axle 4-tire vehicles (old FHWA categories)
1995,194125097,BTS NTS 2011 Table 1-11: passenger cars + other 2-axle 4-tire vehicles (old FHWA categories)
1996,198862254,BTS NTS 2011 Table 1-11: passenger cars + other 2-axle 4-tire vehicles (old FHWA categories)
1997,199972786,BTS NTS 2011 Table 1-11: passenger cars + other 2-axle 4-tire vehicles (old FHWA categories)
1998,203168743,BTS NTS 2011 Table 1-11: passenger cars + other 2-axle 4-tire vehicles (old FHWA categories)
1999,207788420,BTS NTS 2011 Table 1-11: passenger cars + other 2-axle 4-tire vehicles (old FHWA categories)
2000,212706399,BTS NTS 2011 Table 1-11: passenger cars + other 2-axle 4-tire vehicles (old FHWA categories)
2001,221821103,BTS NTS 2011 Table 1-11: passenger cars + other 2-axle 4-tire vehicles (old FHWA categories)
2002,220931982,BTS NTS 2011 Table 1-11: passenger cars + other 2-axle 4-tire vehicles (old FHWA categories)
2003,222856560,BTS NTS 2011 Table 1-11: passenger cars + other 2-axle 4-tire vehicles (old FHWA categories)
2004,228275978,BTS NTS 2011 Table 1-11: passenger cars + other 2-axle 4-tire vehicles (old FHWA categories)
2005,231904922,BTS NTS 2011 Table 1-11: passenger cars + other 2-axle 4-tire vehicles (old FHWA categories)
2006,234524720,BTS NTS 2011 Table 1-11: passenger cars + other 2-axle 4-tire vehicles (old FHWA categories)
2007,235678150,BTS NTS Table 1-11: light-duty vehicles short + long wheelbase (FHWA VM-1)
2008,236448155,BTS NTS Table 1-11: light-duty vehicles short + long wheelbase (FHWA VM-1)
2009,234467679,BTS NTS Table 1-11: light-duty vehicles short + long wheelbase (FHWA VM-1)
2010,230444440,BTS NTS Table 1-11: light-duty vehicles short + long wheelbase (FHWA VM-1)
2011,233841422,BTS NTS Table 1-11: light-duty vehicles short + long wheelbase (FHWA VM-1)
2012,233760558,BTS NTS Table 1-11: light-duty vehicles short + long wheelbase (FHWA VM-1)
2013,236010230,BTS NTS Table 1-11: light-duty vehicles short + long wheelbase (FHWA VM-1)
2014,240155237,BTS NTS Table 1-11: light-duty vehicles short + long wheelbase (FHWA VM-1)
2015,242917192,FHWA HS 2016 VM-1: all light-duty vehicles
2016,247644981,FHWA HS 2016 VM-1: all light-duty vehicles
2017,250553248,FHWA HS 2017 VM-1: all light-duty vehicles
2018,250709853,FHWA HS 2019 VM-1: all light-duty vehicles
2019,253814184,FHWA HS 2020 VM-1: all light-duty vehicles
2020,253679256,FHWA HS 2021 VM-1: all light-duty vehicles
2021,256994592,FHWA HS 2021 VM-1 (rev. Mar 2025): all light-duty vehicles
2022,257741217,FHWA HS 2023 VM-1: all light-duty vehicles
2023,259238294,FHWA HS 2024 VM-1: all light-duty vehicles
2024,271085742,FHWA HS 2024 VM-1: all light-duty vehicles
