year,population,source
1900,76090000,"Census July 1 resident pop. (historical/intercensal series via multpl.com), rounded to 0.01M"
1901,77580000,"Census July 1 resident pop. (historical/intercensal series via multpl.com), rounded to 0.01M"
1902,79160000,"Census July 1 resident pop. (historical/intercensal series via multpl.com), rounded to 0.01M"
1903,80630000,"Census July 1 resident pop. (historical/intercensal series via multpl.com), rounded to 0.01M"
1904,82170000,"Census July 1 resident pop. (historical/intercensal series via multpl.com), rounded to 0.01M"
1905,83820000,"Census July 1 resident pop. (historical/intercensal series via multpl.com), rounded to 0.01M"
1906,85450000,"Census July 1 resident pop. (historical/intercensal series via multpl.com), rounded to 0.01M"
1907,87010000,"Census July 1 resident pop. (historical/intercensal series via multpl.com), rounded to 0.01M"
1908,88710000,"Census July 1 resident pop. (historical/intercensal series via multpl.com), rounded to 0.01M"
1909,90490000,"Census July 1 resident pop. (historical/intercensal series via multpl.com), rounded to 0.01M"
1910,92410000,"Census July 1 resident pop. (historical/intercensal series via multpl.com), rounded to 0.01M"
1911,93860000,"Census July 1 resident pop. (historical/intercensal series via multpl.com), rounded to 0.01M"
1912,95330000,"Census July 1 resident pop. (historical/intercensal series via multpl.com), rounded to 0.01M"
1913,97220000,"Census July 1 resident pop. (historical/intercensal series via multpl.com), rounded to 0.01M"
1914,99110000,"Census July 1 resident pop. (historical/intercensal series via multpl.com), rounded to 0.01M"
1915,100550000,"Census July 1 resident pop. (historical/intercensal series via multpl.com), rounded to 0.01M"
1916,101960000,"Census July 1 resident pop. (historical/intercensal series via multpl.com), rounded to 0.01M"
1917,103270000,"Census July 1 resident pop. (historical/intercensal series via multpl.com), rounded to 0.01M"
1918,103210000,"Census July 1 resident pop. (historical/intercensal series via multpl.com), rounded to 0.01M"
1919,104510000,"Census July 1 resident pop. (historical/intercensal series via multpl.com), rounded to 0.01M"
1920,106460000,"Census July 1 resident pop. (historical/intercensal series via multpl.com), rounded to 0.01M"
1921,108540000,"Census July 1 resident pop. (historical/intercensal series via multpl.com), rounded to 0.01M"
1922,110050000,"Census July 1 resident pop. (historical/intercensal series via multpl.com), rounded to 0.01M"
1923,111950000,"Census July 1 resident pop. (historical/intercensal series via multpl.com), rounded to 0.01M"
1924,114110000,"Census July 1 resident pop. (historical/intercensal series via multpl.com), rounded to 0.01M"
1925,115830000,"Census July 1 resident pop. (historical/intercensal series via multpl.com), rounded to 0.01M"
1926,117400000,"Census July 1 resident pop. (historical/intercensal series via multpl.com), rounded to 0.01M"
1927,119040000,"Census July 1 resident pop. (historical/intercensal series via multpl.com), rounded to 0.01M"
1928,120510000,"Census July 1 resident pop. (historical/intercensal series via multpl.com), rounded to 0.01M"
1929,121770000,"Census July 1 resident pop. (historical/intercensal series via multpl.com), rounded to 0.01M"
1930,123080000,"Census July 1 resident pop. (historical/intercensal series via multpl.com), rounded to 0.01M"
1931,124040000,"Census July 1 resident pop. (historical/intercensal series via multpl.com), rounded to 0.01M"
1932,124840000,"Census July 1 resident pop. (historical/intercensal series via multpl.com), rounded to 0.01M"
1933,125580000,"Census July 1 resident pop. (historical/intercensal series via multpl.com), rounded to 0.01M"
1934,126370000,"Census July 1 resident pop. (historical/intercensal series via multpl.com), rounded to 0.01M"
1935,127250000,"Census July 1 resident pop. (historical/intercensal series via multpl.com), rounded to 0.01M"
1936,128050000,"Census July 1 resident pop. (historical/intercensal series via multpl.com), rounded to 0.01M"
1937,128820000,"Census July 1 resident pop. (historical/intercensal series via multpl.com), rounded to 0.01M"
1938,129820000,"Census July 1 resident pop. (historical/intercensal series via multpl.com), rounded to 0.01M"
1939,130880000,"Census July 1 resident pop. (historical/intercensal series via multpl.com), rounded to 0.01M"
1940,132120000,"Census July 1 resident pop. (historical/intercensal series via multpl.com), rounded to 0.01M"
1941,133400000,"Census July 1 resident pop. (historical/intercensal series via multpl.com), rounded to 0.01M"
1942,134860000,"Census July 1 resident pop. (historical/intercensal series via multpl.com), rounded to 0.01M"
1943,136740000,"Census July 1 resident pop. (historical/intercensal series via multpl.com), rounded to 0.01M"
1944,138400000,"Census July 1 resident pop. (historical/intercensal series via multpl.com), rounded to 0.01M"
1945,139930000,"Census July 1 resident pop. (historical/intercensal series via multpl.com), rounded to 0.01M"
1946,141390000,"Census July 1 resident pop. (historical/intercensal series via multpl.com), rounded to 0.01M"
1947,144130000,"Census July 1 resident pop. (historical/intercensal series via multpl.com), rounded to 0.01M"
1948,146630000,"Census July 1 resident pop. (historical/intercensal series via multpl.com), rounded to 0.01M"
1949,149190000,"Census July 1 resident pop. (historical/intercensal series via multpl.com), rounded to 0.01M"
1950,152270000,"Census July 1 resident pop. (historical/intercensal series via multpl.com), rounded to 0.01M"
1951,154880000,"Census July 1 resident pop. (historical/intercensal series via multpl.com), rounded to 0.01M"
1952,157550000,"Census July 1 resident pop. (historical/intercensal series via multpl.com), rounded to 0.01M"
1953,160180000,"Census July 1 resident pop. (historical/intercensal series via multpl.com), rounded to 0.01M"
1954,163030000,"Census July 1 resident pop. (historical/intercensal series via multpl.com), rounded to 0.01M"
1955,165930000,"Census July 1 resident pop. (historical/intercensal series via multpl.com), rounded to 0.01M"
1956,168900000,"Census July 1 resident pop. (historical/intercensal series via multpl.com), rounded to 0.01M"
1957,171980000,"Census July 1 resident pop. (historical/intercensal series via multpl.com), rounded to 0.01M"
1958,174880000,"Census July 1 resident pop. (historical/intercensal series via multpl.com), rounded to 0.01M"
1959,177830000,"Census July 1 resident pop. (historical/intercensal series via multpl.com), rounded to 0.01M"
1960,180670000,"Census July 1 resident pop. (historical/intercensal series via multpl.com), rounded to 0.01M"
1961,183690000,"Census July 1 resident pop. (historical/intercensal series via multpl.com), rounded to 0.01M"
1962,186540000,"Census July 1 resident pop. (historical/intercensal series via multpl.com), rounded to 0.01M"
1963,189240000,"Census July 1 resident pop. (historical/intercensal series via multpl.com), rounded to 0.01M"
1964,191890000,"Census July 1 resident pop. (historical/intercensal series via multpl.com), rounded to 0.01M"
1965,194300000,"Census July 1 resident pop. (historical/intercensal series via multpl.com), rounded to 0.01M"
1966,196560000,"Census July 1 resident pop. (historical/intercensal series via multpl.com), rounded to 0.01M"
1967,198710000,"Census July 1 resident pop. (historical/intercensal series via multpl.com), rounded to 0.01M"
1968,200710000,"Census July 1 resident pop. (historical/intercensal series via multpl.com), rounded to 0.01M"
1969,202680000,"Census July 1 resident pop. (historical/intercensal series via multpl.com), rounded to 0.01M"
1970,205050000,"Census July 1 resident pop. (historical/intercensal series via multpl.com), rounded to 0.01M"
1971,207660000,"Census July 1 resident pop. (historical/intercensal series via multpl.com), rounded to 0.01M"
1972,209900000,"Census July 1 resident pop. (historical/intercensal series via multpl.com), rounded to 0.01M"
1973,211910000,"Census July 1 resident pop. (historical/intercensal series via multpl.com), rounded to 0.01M"
1974,213850000,"Census July 1 resident pop. (historical/intercensal series via multpl.com), rounded to 0.01M"
1975,215970000,"Census July 1 resident pop. (historical/intercensal series via multpl.com), rounded to 0.01M"
1976,218040000,"Census July 1 resident pop. (historical/intercensal series via multpl.com), rounded to 0.01M"
1977,220240000,"Census July 1 resident pop. (historical/intercensal series via multpl.com), rounded to 0.01M"
1978,222580000,"Census July 1 resident pop. (historical/intercensal series via multpl.com), rounded to 0.01M"
1979,225060000,"Census July 1 resident pop. (historical/intercensal series via multpl.com), rounded to 0.01M"
1980,227220000,"Census July 1 resident pop. (historical/intercensal series via multpl.com), rounded to 0.01M"
1981,229470000,"Census July 1 resident pop. (historical/intercensal series via multpl.com), rounded to 0.01M"
1982,231660000,"Census July 1 resident pop. (historical/intercensal series via multpl.com), rounded to 0.01M"
1983,233790000,"Census July 1 resident pop. (historical/intercensal series via multpl.com), rounded to 0.01M"
1984,235820000,"Census July 1 resident pop. (historical/intercensal series via multpl.com), rounded to 0.01M"
1985,237920000,"Census July 1 resident pop. (historical/intercensal series via multpl.com), rounded to 0.01M"
1986,240130000,"Census July 1 resident pop. (historical/intercensal series via multpl.com), rounded to 0.01M"
1987,242290000,"Census July 1 resident pop. (historical/intercensal series via multpl.com), rounded to 0.01M"
1988,244500000,"Census July 1 resident pop. (historical/intercensal series via multpl.com), rounded to 0.01M"
1989,246820000,"Census July 1 resident pop. (historical/intercensal series via multpl.com), rounded to 0.01M"
1990,249620000,"Census July 1 resident pop. (historical/intercensal series via multpl.com), rounded to 0.01M"
1991,252980000,"Census July 1 resident pop. (historical/intercensal series via multpl.com), rounded to 0.01M"
1992,256510000,"Census July 1 resident pop. (historical/intercensal series via multpl.com), rounded to 0.01M"
1993,259920000,"Census July 1 resident pop. (historical/intercensal series via multpl.com), rounded to 0.01M"
1994,263130000,"Census July 1 resident pop. (historical/intercensal series via multpl.com), rounded to 0.01M"
1995,266280000,"Census July 1 resident pop. (historical/intercensal series via multpl.com), rounded to 0.01M"
1996,269390000,"Census July 1 resident pop. (historical/intercensal series via multpl.com), rounded to 0.01M"
1997,272650000,"Census July 1 resident pop. (historical/intercensal series via multpl.com), rounded to 0.01M"
1998,275850000,"Census July 1 resident pop. (historical/intercensal series via multpl.com), rounded to 0.01M"
1999,279040000,"Census July 1 resident pop. (historical/intercensal series via multpl.com), rounded to 0.01M"
2000,282160000,"Census July 1 resident pop. (historical/intercensal series via multpl.com), rounded to 0.01M"
2001,284970000,"Census July 1 resident pop. (historical/intercensal series via multpl.com), rounded to 0.01M"
2002,287630000,"Census July 1 resident pop. (historical/intercensal series via multpl.com), rounded to 0.01M"
2003,290110000,"Census July 1 resident pop. (historical/intercensal series via multpl.com), rounded to 0.01M"
2004,292810000,"Census July 1 resident pop. (historical/intercensal series via multpl.com), rounded to 0.01M"
2005,295520000,"Census July 1 resident pop. (historical/intercensal series via multpl.com), rounded to 0.01M"
2006,298380000,"Census July 1 resident pop. (historical/intercensal series via multpl.com), rounded to 0.01M"
2007,301230000,"Census July 1 resident pop. (historical/intercensal series via multpl.com), rounded to 0.01M"
2008,304090000,"Census July 1 resident pop. (historical/intercensal series via multpl.com), rounded to 0.01M"
2009,306770000,"Census July 1 resident pop. (historical/intercensal series via multpl.com), rounded to 0.01M"
2010,309320000,"Census July 1 resident pop. (historical/intercensal series via multpl.com), rounded to 0.01M"
2011,311560000,"Census July 1 resident pop. (historical/intercensal series via multpl.com), rounded to 0.01M"
2012,313830000,"Census July 1 resident pop. (historical/intercensal series via multpl.com), rounded to 0.01M"
2013,315990000,"Census July 1 resident pop. (historical/intercensal series via multpl.com), rounded to 0.01M"
2014,318300000,"Census July 1 resident pop. (historical/intercensal series via multpl.com), rounded to 0.01M"
2015,320738994,Census PEP July 1 estimate (V2020)
2016,323071755,Census PEP July 1 estimate (V2020)
2017,325122128,Census PEP July 1 estimate (V2020)
2018,326838199,Census PEP July 1 estimate (V2020)
2019,328329953,Census PEP July 1 estimate (V2020)
2020,331577720,Census PEP July 1 estimate (V2024)
2021,332099760,Census PEP July 1 estimate (V2024)
2022,334017321,Census PEP July 1 estimate (V2024)
2023,336806231,Census PEP July 1 estimate (V2024)
2024,340110988,Census PEP July 1 estimate (V2024)
