year,registered_vehicles_millions
1900,0.01
1901,0.01
1902,0.02
1903,0.03
1904,0.06
1905,0.08
1906,0.11
1907,0.14
1908,0.2
1909,0.31
1910,0.47
1911,0.64
1912,0.94
1913,1.3
1914,1.8
1915,2.5
1916,3.6
1917,5.1
1918,6.2
1919,7.6
1920,9.2
1921,10
1922,12
1923,15
1924,18
1925,20
1926,22
1927,23
1928,25
1929,27
1930,27
1931,26
1932,24
1933,24
1934,25
1935,27
1936,29
1937,30
1938,30
1939,31
1940,32
1941,35
1942,33
1943,31
1944,30
1945,31
1946,34
1947,38
1948,41
1949,45
1950,49
1951,52
1952,53
1953,56
1954,59
1955,63
1956,65
1957,67
1958,68
1959,71
1960,74
1961,76
1962,79
1963,83
1964,86
1965,90
1966,94
1967,97
1968,101
1969,105
1970,108
1971,113
1972,119
1973,126
1974,130
1975,133
1976,139
1977,142
1978,148
1979,152
1980,156
1981,158
1982,160
1983,164
1984,166
1985,172
1986,176
1987,179
1988,184
1989,187
1990,189
1991,188
1992,190
1993,194
1994,198
1995,202
1996,207
1997,208
1998,212
1999,216
2000,221
2001,230
2002,230
2003,231
2004,237
2005,241
2006,244
2007,247
2008,248
2009,246
2010,242
2011,253
2012,254
2013,256
2014,260
2015,264
2016,269
2017,272
2018,274
2019,276
2020,276
2021,281
2022,282
2023,285
2024,298
