year,sales_millions,sales_source
1931,2.174,WardsAuto cars + trucks x 0.974 (BEA/Wards 1976-1980 ratio)
1933,1.741,WardsAuto cars + trucks x 0.974 (BEA/Wards 1976-1980 ratio)
1935,3.332,WardsAuto cars + trucks x 0.974 (BEA/Wards 1976-1980 ratio)
1937,4.047,WardsAuto cars + trucks x 0.974 (BEA/Wards 1976-1980 ratio)
1939,3.162,WardsAuto cars + trucks x 0.974 (BEA/Wards 1976-1980 ratio)
1941,4.546,WardsAuto cars + trucks x 0.974 (BEA/Wards 1976-1980 ratio)
1951,6.114,WardsAuto cars + trucks x 0.974 (BEA/Wards 1976-1980 ratio)
1953,6.6,WardsAuto cars + trucks x 0.974 (BEA/Wards 1976-1980 ratio)
1955,8.264,WardsAuto cars + trucks x 0.974 (BEA/Wards 1976-1980 ratio)
1957,6.75,WardsAuto cars + trucks x 0.974 (BEA/Wards 1976-1980 ratio)
1959,6.884,WardsAuto cars + trucks x 0.974 (BEA/Wards 1976-1980 ratio)
1961,6.696,WardsAuto cars + trucks x 0.974 (BEA/Wards 1976-1980 ratio)
1963,8.76,WardsAuto cars + trucks x 0.974 (BEA/Wards 1976-1980 ratio)
1964,9.251,WardsAuto cars + trucks x 0.974 (BEA/Wards 1976-1980 ratio)
1965,10.607,WardsAuto cars + trucks x 0.974 (BEA/Wards 1976-1980 ratio)
1966,10.391,WardsAuto cars + trucks x 0.974 (BEA/Wards 1976-1980 ratio)
1967,9.629,WardsAuto cars + trucks x 0.974 (BEA/Wards 1976-1980 ratio)
1968,11.193,WardsAuto cars + trucks x 0.974 (BEA/Wards 1976-1980 ratio)
1969,11.256,WardsAuto cars + trucks x 0.974 (BEA/Wards 1976-1980 ratio)
1970,9.95,WardsAuto cars + trucks x 0.974 (BEA/Wards 1976-1980 ratio)
1971,12.022,WardsAuto cars + trucks x 0.974 (BEA/Wards 1976-1980 ratio)
1972,13.222,WardsAuto cars + trucks x 0.974 (BEA/Wards 1976-1980 ratio)
1973,14.199,WardsAuto cars + trucks x 0.974 (BEA/Wards 1976-1980 ratio)
1974,11.246,WardsAuto cars + trucks x 0.974 (BEA/Wards 1976-1980 ratio)
1975,10.819,WardsAuto cars + trucks x 0.974 (BEA/Wards 1976-1980 ratio)
